mode,runs,trace_variant_distance_mean,trace_variant_distance_std,trace_variant_distance_min,trace_variant_distance_max,activity_distribution_distance_mean,activity_distribution_distance_std,activity_distribution_distance_min,activity_distribution_distance_max,resource_distribution_distance_mean,resource_distribution_distance_std,resource_distribution_distance_min,resource_distribution_distance_max,mean_cycle_time_relative_error_mean,mean_cycle_time_relative_error_std,mean_cycle_time_relative_error_min,mean_cycle_time_relative_error_max
agent_profile,3,0.16777777777777778,0.020092379244472353,0.14666666666666667,0.18666666666666665,0.014794899312512108,0.0027480345681155267,0.012167274137908454,0.017649290831222426,0.04833388895535374,0.006091060527363714,0.04204010600934316,0.05419964793513241,0.2717441913205813,0.09966862596284831,0.15672847752489275,0.3327697443925358
agent_simulator_autonomous,3,0.1444444444444444,0.001924500897298741,0.14333333333333328,0.1466666666666666,0.018054607236986635,0.00485405826122459,0.012861050398528279,0.02247679167341843,0.04982104770673795,0.0002535468200410134,0.04952831850301891,0.0499716784450725,12.819554042578016,3.2178264388094124,9.806954130320358,16.20935826384662
agent_simulator_orchestrated,3,0.1444444444444444,0.001924500897298741,0.14333333333333328,0.1466666666666666,0.018054607236986635,0.00485405826122459,0.012861050398528279,0.02247679167341843,0.11350192368118557,0.010845288090840947,0.10187416190523159,0.1233427936223615,4.255123780927388,0.536604498160664,3.7146603305269026,4.787784223176965
central_baseline,3,0.16777777777777778,0.020092379244472353,0.14666666666666667,0.18666666666666665,0.014794899312512108,0.0027480345681155267,0.012167274137908454,0.017649290831222426,0.04819986737332861,0.005777195840142322,0.04180551949418268,0.05304331837819289,0.23660341718160655,0.16288508061310286,0.04856712130849647,0.3342702720229657
llm_agent_proxy,3,0.16777777777777778,0.020092379244472353,0.14666666666666667,0.18666666666666665,0.014794899312512108,0.0027480345681155267,0.012167274137908454,0.017649290831222426,0.04439276457699145,0.006991796428776368,0.038732390176220224,0.052208464643047986,0.4724810776823347,0.0359708571762056,0.4310083439958379,0.4951952808225667
