activity_distribution_distance,generated_events,handover_rows,mean_cycle_time_generated,mean_cycle_time_reference,mean_cycle_time_relative_error,mode,reasoning_rows,resource_distribution_distance,run,seed,trace_variant_distance
0.004105407286031752,1495,0,871.7370833333333,667.27878275,0.30640611670689794,central_baseline,0,0.037083342685910535,1,9200,0.21500000000000008
0.004105407286031752,1495,0,769.5950833333334,667.27878275,0.15333366387234101,agent_profile,0,0.048308679939844223,1,9200,0.21500000000000008
0.004105407286031752,1495,1282,827.2304166666667,667.27878275,0.23970735778151286,llm_agent_proxy,1495,0.03561311755067227,1,9200,0.21500000000000008
0.01442154042825184,1512,0,743.2728333333333,667.27878275,0.11388650822995663,central_baseline,0,0.03181438869358333,2,9300,0.20000000000000007
0.01442154042825184,1512,0,854.50125,667.27878275,0.2805760831753346,agent_profile,0,0.04735005859166934,2,9300,0.20000000000000007
0.01442154042825184,1512,1305,880.69225,667.27878275,0.31982654441742764,llm_agent_proxy,1512,0.027912716167749724,2,9300,0.20000000000000007
0.019259412123604776,1496,0,829.4285833333333,667.27878275,0.24300158310905523,central_baseline,0,0.03824965007357428,3,9400,0.19500000000000006
0.019259412123604776,1496,0,765.86825,667.27878275,0.14774854198674128,agent_profile,0,0.03287513907332304,3,9400,0.19500000000000006
0.019259412123604776,1496,1284,825.2945833333333,667.27878275,0.23680627148388575,llm_agent_proxy,1496,0.0397785593798227,3,9400,0.19500000000000006
