mode,runs,trace_variant_distance_mean,trace_variant_distance_std,trace_variant_distance_min,trace_variant_distance_max,activity_distribution_distance_mean,activity_distribution_distance_std,activity_distribution_distance_min,activity_distribution_distance_max,resource_distribution_distance_mean,resource_distribution_distance_std,resource_distribution_distance_min,resource_distribution_distance_max,mean_cycle_time_relative_error_mean,mean_cycle_time_relative_error_std,mean_cycle_time_relative_error_min,mean_cycle_time_relative_error_max
agent_profile,3,0.2033333333333334,0.010408329997330672,0.19500000000000006,0.21500000000000008,0.012595453279296122,0.007740278506680658,0.004105407286031752,0.019259412123604776,0.04284462586827887,0.008647123159663745,0.03287513907332304,0.048308679939844223,0.19388609634480564,0.07512764976443238,0.14774854198674128,0.2805760831753346
central_baseline,3,0.2033333333333334,0.010408329997330672,0.19500000000000006,0.21500000000000008,0.012595453279296122,0.007740278506680658,0.004105407286031752,0.019259412123604776,0.035715793817689384,0.0034286717089028053,0.03181438869358333,0.03824965007357428,0.2210980693486366,0.09811102307242713,0.11388650822995663,0.30640611670689794
llm_agent_proxy,3,0.2033333333333334,0.010408329997330672,0.19500000000000006,0.21500000000000008,0.012595453279296122,0.007740278506680658,0.004105407286031752,0.019259412123604776,0.0344347976994149,0.006020040451465004,0.027912716167749724,0.0397785593798227,0.2654467245609421,0.04711663911129947,0.23680627148388575,0.31982654441742764
