mode,runs,trace_variant_distance_mean,trace_variant_distance_std,trace_variant_distance_min,trace_variant_distance_max,activity_distribution_distance_mean,activity_distribution_distance_std,activity_distribution_distance_min,activity_distribution_distance_max,resource_distribution_distance_mean,resource_distribution_distance_std,resource_distribution_distance_min,resource_distribution_distance_max,mean_cycle_time_relative_error_mean,mean_cycle_time_relative_error_std,mean_cycle_time_relative_error_min,mean_cycle_time_relative_error_max
agent_profile,3,0.16777777777777775,0.020092379244472373,0.14666666666666664,0.18666666666666668,0.014794899312512108,0.0027480345681155267,0.012167274137908454,0.017649290831222426,0.04833388895535374,0.006091060527363711,0.04204010600934315,0.0541996479351324,0.2717441913205813,0.09966862596284831,0.15672847752489275,0.3327697443925358
agent_simulator_autonomous,3,0.1444444444444444,0.001924500897298757,0.14333333333333328,0.14666666666666664,0.018054607236986635,0.00485405826122459,0.012861050398528279,0.02247679167341843,0.06707695054196658,0.015933202871003783,0.05117354045138528,0.08303977999938945,3.8381161735897305,0.8454526155854166,2.913548483442317,4.571824160831796
agent_simulator_orchestrated,3,0.1444444444444444,0.001924500897298757,0.14333333333333328,0.14666666666666664,0.018054607236986635,0.00485405826122459,0.012861050398528279,0.02247679167341843,0.10592752652259241,0.029710980960177248,0.07273253533795035,0.13002914163719365,4.433100245936925,0.7874897143622982,3.589409427585321,5.148679212096458
central_baseline,3,0.16777777777777775,0.020092379244472373,0.14666666666666664,0.18666666666666668,0.014794899312512108,0.0027480345681155267,0.012167274137908454,0.017649290831222426,0.04819986737332862,0.00577719584014233,0.04180551949418268,0.053043318378192914,0.23660341718160655,0.16288508061310286,0.04856712130849647,0.3342702720229657
llm_agent_proxy,3,0.16777777777777775,0.020092379244472373,0.14666666666666664,0.18666666666666668,0.014794899312512108,0.0027480345681155267,0.012167274137908454,0.017649290831222426,0.04439276457699145,0.006991796428776373,0.038732390176220224,0.05220846464304799,0.4724810776823347,0.0359708571762056,0.4310083439958379,0.4951952808225667
