seed,decisions,feasible_action_rate,reason_action_consistency,historical_capability_factor_rate,handover_continuity_factor_rate,workload_balance_factor_rate,maximum_feasible_prior_selection_rate,mean_selected_to_max_prior_ratio
8200,712.0,1.0,1.0,0.9620786516853933,0.2542134831460674,0.03651685393258427,0.30196629213483145,0.9289007982660531
8300,736.0,1.0,1.0,0.9320652173913043,0.30570652173913043,0.04483695652173913,0.29891304347826086,0.9267856096753334
8400,744.0,1.0,1.0,0.928763440860215,0.3131720430107527,0.033602150537634407,0.2970430107526882,0.9246932253504955
