mode,cases,seed,trace_variant_distance,activity_distribution_distance,resource_distribution_distance,mean_cycle_time_relative_error
central_baseline,100,8400,0.2700000000,0.0272271883,0.0799650214,1.0677338212
agent_profile,100,8400,0.2700000000,0.0272271883,0.0866314721,0.4140583103
llm_agent_proxy,100,8400,0.2700000000,0.0272271883,0.0613367448,0.2690031207
llm_agent_real,100,8400,0.2700000000,0.0272271883,0.5889094010,0.7061573000
