mode,cases,seed,trace_variant_distance,activity_distribution_distance,resource_distribution_distance,mean_cycle_time_relative_error
central_baseline,100,8200,0.2000000000,0.0402997759,0.0864976761,0.3842103782
agent_profile,100,8200,0.2000000000,0.0402997759,0.0586522118,0.1299717759
llm_agent_proxy,100,8200,0.2000000000,0.0402997759,0.0785332341,0.4512690401
llm_agent_real,100,8200,0.2000000000,0.0402997759,0.5852492366,0.3288394264
