mode,cases,seed,trace_variant_distance,activity_distribution_distance,resource_distribution_distance,mean_cycle_time_relative_error
central_baseline,100,8300,0.2900000000,0.0304557144,0.0726855451,0.6307775527
agent_profile,100,8300,0.2900000000,0.0304557144,0.0707175857,0.6810904306
llm_agent_proxy,100,8300,0.2900000000,0.0304557144,0.0816207912,0.5479596013
llm_agent_real,100,8300,0.2900000000,0.0304557144,0.5739096794,0.3612172836
