mode,runs,trace_variant_distance_mean,trace_variant_distance_std,trace_variant_distance_min,trace_variant_distance_max,activity_distribution_distance_mean,activity_distribution_distance_std,activity_distribution_distance_min,activity_distribution_distance_max,resource_distribution_distance_mean,resource_distribution_distance_std,resource_distribution_distance_min,resource_distribution_distance_max,mean_cycle_time_relative_error_mean,mean_cycle_time_relative_error_std,mean_cycle_time_relative_error_min,mean_cycle_time_relative_error_max
agent_profile,10,0.15499999999999997,0.024557817894778188,0.10333333333333326,0.19000000000000003,0.012322623008798458,0.004988517482969296,0.005453523058272174,0.02057623105307724,0.04565338707334237,0.01004272317983048,0.030158433023578363,0.0614754757030858,0.4202851834193414,0.092677554545625,0.2738659072014216,0.5391784084587352
central_baseline,10,0.15499999999999997,0.024557817894778188,0.10333333333333326,0.19000000000000003,0.012322623008798458,0.004988517482969296,0.005453523058272174,0.02057623105307724,0.03946735668012169,0.00562270882681099,0.030700435975595852,0.048678867085878375,0.4291084948841861,0.06813986149563775,0.32847203122766516,0.5399452179423022
llm_agent_proxy,10,0.15499999999999997,0.024557817894778188,0.10333333333333326,0.19000000000000003,0.012322623008798458,0.004988517482969296,0.005453523058272174,0.02057623105307724,0.04112706996581619,0.007363048330952572,0.02947071016619903,0.051155793856510826,0.411742945124063,0.13958118797481897,0.18728910103747862,0.58646583185059
