mode,runs,trace_variant_distance_mean,trace_variant_distance_std,trace_variant_distance_min,trace_variant_distance_max,activity_distribution_distance_mean,activity_distribution_distance_std,activity_distribution_distance_min,activity_distribution_distance_max,resource_distribution_distance_mean,resource_distribution_distance_std,resource_distribution_distance_min,resource_distribution_distance_max,mean_cycle_time_relative_error_mean,mean_cycle_time_relative_error_std,mean_cycle_time_relative_error_min,mean_cycle_time_relative_error_max
agent_profile,10,0.15733333333333335,0.019987650508239006,0.13333333333333333,0.2033333333333334,0.012447710366627217,0.005228123661705705,0.005142785721526306,0.02140409557562685,0.0502631683428237,0.00944374528204506,0.03432225580472363,0.06612863066047438,0.37388716227012975,0.13138729076475547,0.1960157316145026,0.5951679825791166
central_baseline,10,0.14500000000000002,0.015335748602046976,0.12666666666666665,0.17000000000000007,0.00806476573389528,0.003910521410643795,0.0026986948216275036,0.013459403987836224,0.04256669550772883,0.004759109177228367,0.03603871243830714,0.05085339677931655,0.4643113394690546,0.14810100599740744,0.2421030618802147,0.6909493085364037
llm_agent_proxy,10,0.158,0.021953936062628403,0.12333333333333331,0.19000000000000003,0.016618761750659974,0.005602154074602955,0.008107080332618685,0.027181352776708998,0.04585799756420003,0.007590712966328703,0.03245152373960934,0.055210181050216245,0.382533444759437,0.10270123122391692,0.1936726327559461,0.533836479780091
