scenario,policy,runs,cases_per_run,total_agent_bids,valid_bid_rate,total_policy_fallbacks,bottleneck_migration_rate,unavailable_resources_used,relative_change_mean_cycle_time_minutes_mean,relative_change_mean_cycle_time_minutes_sd,relative_change_p90_cycle_time_minutes_mean,relative_change_p90_cycle_time_minutes_sd,relative_change_throughput_cases_per_day_mean,relative_change_throughput_cases_per_day_sd,relative_change_mean_work_in_process_mean,relative_change_mean_work_in_process_sd,relative_change_handover_per_case_mean,relative_change_handover_per_case_sd,relative_change_aggregate_resource_utilization_mean,relative_change_aggregate_resource_utilization_sd,relative_change_maximum_resource_event_share_mean,relative_change_maximum_resource_event_share_sd
high_load,fixed_score,3,10,422,1.0,0,1.0,0,-0.36814042693407395,0.2484239490611701,-0.7918680027892134,0.04304771109675934,1.0684494799293673,1.6851525828651617,0.028110346664003878,0.3103672430756713,-0.13524920410562605,0.07948318957959268,-0.013523517456856463,0.3792232470132294,0.021790725166011226,0.06109540904212435
high_load,real_llm,3,10,436,1.0,0,1.0,0,-0.4047584793198064,0.21054324919155262,-0.2685539472265797,0.5014269325043877,2.628820175167396,0.11874484726722627,1.1437106159087336,0.6977955875269288,-0.032564890710382516,0.07561267735423201,0.9138568283021135,0.6585540152273818,0.042330077330077355,0.09409210816072439
resource_unavailability,fixed_score,3,10,433,1.0,0,1.0,0,-0.05401780619272808,0.6589703209401193,-0.23490018142071656,0.49449012194696873,0.8864180150888208,1.5687796234440754,0.2747690544826045,0.4563968222915828,-0.06359118990061775,0.12309863909399621,0.3801398278219825,0.455597130936625,0.14544747945813905,0.26446913209834194
resource_unavailability,real_llm,3,10,427,1.0,0,0.6666666666666666,0,0.8170951562742684,1.5010656157163869,2.0616478440384878,2.7820324236614447,-0.00876778471283126,0.053130434794518816,0.7483213815218518,1.3653610742007665,-0.007547814207650279,0.09717741240404672,0.9010802849155861,1.3591453061464618,0.32170585219365716,0.3083694934930479
