mode,runs,resource_distribution_distance,cycle_time_relative_error,absolute_emd,workforce_emd,relative_emd,cycle_time_wass
central_baseline,2,0.0795916106,0.5074939655,758.8653292676,9.3764859767,3.0312916038,63.9700
agent_profile,2,0.0646848988,0.4055311032,759.6966467429,9.4137698417,2.4545734520,54.6550
llm_agent_proxy,2,0.0800770126,0.4996143207,759.1767942932,9.1644098931,2.9161322042,64.0000
llm_agent_real,2,0.5795794580,0.3450283550,759.8526066669,9.0998250922,2.3386415907,44.4350
