run,seed,trace_variant_distance,activity_distribution_distance,resource_distribution_distance,mean_cycle_time_relative_error,allocation_decisions,executed_decisions,agent_bids,valid_bid_rate,agent_acceptance_rate,proposal_execution_rate,bid_disagreement_rate,policy_fallbacks,agents_with_memory,bid_total_tokens,bid_total_latency_seconds,generated_resource_count,generated_resource_entropy_normalized
seed_9400,9400,0.9000000000000001,0.07631578947368423,0.18035087719298246,0.023859838744488125,79,75,147,1.0,1.0,0.96,0.24,0,18,50732,29.23630684199953,18,0.9836444088026804
seed_9500,9500,0.9,0.11842105263157894,0.17105263157894732,0.259648258702709,79,76,141,1.0,1.0,1.0,0.2236842105263158,0,19,50314,26.48189441999959,19,0.9855118425072488
seed_9600,9600,0.7999999999999999,0.10716550412175016,0.1277742549143944,1.0272547849580371,88,83,157,1.0,1.0,0.9879518072289156,0.21686746987951808,0,19,56095,37.188709385000195,19,0.9914972879422872
