mode,runs,trace_variant_distance_mean,trace_variant_distance_std,trace_variant_distance_min,trace_variant_distance_max,activity_distribution_distance_mean,activity_distribution_distance_std,activity_distribution_distance_min,activity_distribution_distance_max,resource_distribution_distance_mean,resource_distribution_distance_std,resource_distribution_distance_min,resource_distribution_distance_max,mean_cycle_time_relative_error_mean,mean_cycle_time_relative_error_std,mean_cycle_time_relative_error_min,mean_cycle_time_relative_error_max
agent_profile,10,0.32814070351758795,0.024221592049437874,0.2814070351758794,0.3693467336683417,0.09121777599208057,0.014511087414358399,0.07517535449361659,0.11422141278354113,0.6123337821978834,0.004613995841705155,0.602544363652481,0.6190611850586951,0.04132755170404734,0.02487592259320853,0.0015080120488005207,0.0831733731855794
central_baseline,10,0.335678391959799,0.02266573678396785,0.2989949748743719,0.3693467336683417,0.09878145904707711,0.010536879556687195,0.08199933932175854,0.11733594049692268,0.739087671625824,0.0031331978975125026,0.7351982665072333,0.7460559154802084,0.050725774658122585,0.037084761805413174,0.0018196926817111683,0.11543027950349422
llm_agent_proxy,10,0.3271356783919598,0.009966147256712556,0.314070351758794,0.3467336683417085,0.0945447663459064,0.010659245223379526,0.07420070813295988,0.11094742729306488,0.6404365581950533,0.012079818926822554,0.6213785341319471,0.6611598692135605,0.03624719498157953,0.02471146351770443,0.007387705914304197,0.07432655397134758
