mode,runs,trace_variant_distance_mean,trace_variant_distance_std,trace_variant_distance_min,trace_variant_distance_max,activity_distribution_distance_mean,activity_distribution_distance_std,activity_distribution_distance_min,activity_distribution_distance_max,resource_distribution_distance_mean,resource_distribution_distance_std,resource_distribution_distance_min,resource_distribution_distance_max,mean_cycle_time_relative_error_mean,mean_cycle_time_relative_error_std,mean_cycle_time_relative_error_min,mean_cycle_time_relative_error_max
agent_profile,10,0.3291457286432161,0.021711024115269227,0.2939698492462311,0.35929648241206036,0.10052137667705505,0.01950808099308212,0.07491929317814969,0.136583761021187,0.6120024916110248,0.00847802521882171,0.5969246958067463,0.6221476510067128,0.05102781490478142,0.04380663793034143,0.002853359905109195,0.1398799083638129
central_baseline,10,0.3291457286432161,0.021711024115269227,0.2939698492462311,0.35929648241206036,0.10052137667705505,0.01950808099308212,0.07491929317814969,0.136583761021187,0.7423055492014674,0.006339182832599504,0.7324220001001559,0.7534689774304103,0.05183878947158028,0.030097440285817994,0.014600174540091116,0.11902476854728263
llm_agent_proxy,10,0.3291457286432161,0.021711024115269227,0.2939698492462311,0.35929648241206036,0.10052137667705505,0.01950808099308212,0.07491929317814969,0.136583761021187,0.6473758406740314,0.018487984254625753,0.623891301487038,0.6716580080984133,0.07339455300746844,0.03487140589086738,0.018884919340665024,0.11162301235955845
