dataset,train_cases,test_cases,train_events,test_events,activities,train_resources,test_resources,resource_overlap_jaccard,test_event_capability_coverage,test_event_handover_mask_coverage,handover_context_share,mean_activity_feasible_resources,mean_local_feasible_resources
AcademicCredentials,398,398,1945,1788,16,306,281,0.17165668662674652,0.46308724832214765,0.4552572706935123,0.27237136465324385,123.51286353467562,104.1258389261745
LoanApp,700,300,5239,2253,12,19,19,1.0,1.0,0.9951176209498447,0.8668442077230359,4.988459831335996,4.8934753661784285
BPIC_2012,3030,2976,16338,18568,6,47,53,0.010101010101010102,0.038291684618698835,0.038291684618698835,0.03279836277466609,38.880978026712626,38.62860835846618
BPIC_2017,7402,7376,53332,52010,7,105,113,0.6641221374045801,0.8171890021149779,0.6651605460488368,0.6917515862334167,83.87135166314171,45.40596039223227
Procure2Pay,700,300,8808,3862,13,14,14,1.0,1.0,0.9994821336095288,0.9223200414293112,3.3433454168824444,3.3184878301398237
